使用順,フォルダ,ファイル名,撮影日時,横px,縦px,向き
2,add,2013年前期後期から斎藤登場.jpg,2013:09:27 08:42:01,1920,1440,横
7,add,2015三月.jpg,2015:03:23 08:07:05,1920,1440,横
9,add,2015年前期.jpg,2015:04:24 08:26:04,1920,1440,横
,add,2016年前半スタッフ修練医フェロー.jpg,2016:05:23 16:40:12,1920,1440,横
,add,2016年度後半.jpg,2017:03:27 21:06:28,1920,1440,横
5,add,3開院.jpg,,1920,1080,横
10,add,5first_surgery.jpg,,1920,1080,横
12,add,IMG_2374.jpg,2016:05:30 22:07:34,1920,1440,横
14,add,スクリーンショット_2026-07-26_10.26.38.jpg,,1920,1082,横
16,add,スクリーンショット_2026-07-26_10.27.08.jpg,,1920,1079,横
33,add,スクリーンショット_2026-07-26_14.48.03.jpg,,1920,1075,横
36,add,スクリーンショット_2026-07-26_14.48.17.jpg,,1920,1079,横
55,bridge,120167_b19cd8fb0ec04df0aba8215e1acad532~mv2.jpg.jpg,,1920,1416,横
61,bridge,3FD3ABAF-3155-478F-88B2-BBE76A39CDBA.jpg,,1920,1440,横
63,bridge,67021D6A-E5CC-4C5B-8908-07663F03DD2E.jpg,,1920,1440,横
,bridge,7DC8739D-CF47-49D8-A351-2491438956F7.jpg,,1920,1440,横
,bridge,IMG_0136.jpg,2014:01:10 08:57:01,1920,1440,横
20,bridge,IMG_0305.jpg,2019:03:22 18:09:53,1920,1440,横
,bridge,IMG_1133.jpg,2021:08:11 18:55:02,1920,1440,横
,bridge,IMG_1141.jpg,2025:09:29 19:20:44,1920,1440,横
,bridge,IMG_3108.jpg,2024:06:26 08:39:02,1920,1440,横
,bridge,IMG_3110.jpg,2024:06:26 08:39:28,1920,1440,横
,bridge,IMG_3574.jpg,2019:10:09 08:45:32,1920,1440,横
,bridge,IMG_3869.jpg,2024:10:11 18:03:33,1920,1440,横
,bridge,IMG_3874.jpg,2024:10:11 18:10:36,1920,1440,横
,bridge,IMG_3900.jpg,,1920,1439,横
,bridge,IMG_6262.jpg,2020:07:17 08:28:26,1920,1440,横
,bridge,IMG_7685.jpg,2023:04:07 19:02:58,1920,1440,横
,bridge,IMG_9104.jpg,2021:06:07 08:15:11,1920,1440,横
,byoto,IMG_1327.jpg,2012:12:21 18:10:47,1920,1440,横
,byoto,IMG_3149.jpg,2021:03:31 08:29:26,1920,1440,横
26,byoto,IMG_9875.jpg,2021:09:29 19:20:44,1920,1440,横
15,collage,01.jpg,,1920,1088,横
46,collage,02.jpg,,1920,1089,横
17,collage,03.jpg,,1920,1075,横
29,collage,04.jpg,,1920,1070,横
47,collage,05.jpg,,1920,1076,横
48,collage,06.jpg,,1920,1023,横
49,collage,07.jpg,,1920,977,横
37,collage,08.jpg,,1920,1066,横
35,collage,09.jpg,,1920,1075,横
50,collage,10.jpg,,1920,1083,横
51,collage,11.jpg,,1920,1081,横
42,collage,12.jpg,,1920,1063,横
39,collage,13.jpg,,1920,1018,横
52,collage,14.jpg,,1920,1072,横
18,collage,15.jpg,,1920,1075,横
4,collage,16.jpg,,1920,1155,横
,conference,IMG_0475.jpg,2021:04:19 19:02:29,1920,1440,横
,conference,IMG_0763.jpg,2021:05:17 08:20:20,1920,1440,横
,conference,IMG_0807.jpg,2021:05:28 08:10:08,1920,1440,横
,conference,IMG_0834.jpg,2021:06:04 08:18:54,1920,1440,横
,conference,IMG_0890.jpg,2021:06:14 07:40:24,1920,1440,横
,conference,IMG_1037.jpg,2021:07:16 08:29:42,1920,1440,横
,conference,IMG_8582.jpg,2024:05:17 08:30:17,1920,1440,横
,conference,IMG_8583.jpg,2024:05:17 08:33:51,1920,1440,横
,conference,IMG_8584.jpg,2024:05:17 08:34:25,1920,1440,横
,conference,IMG_8642.jpg,2024:05:22 08:37:41,1920,1440,横
,conference,IMG_8643.jpg,2024:05:22 08:37:55,1920,1440,横
,conference,IMG_8644.jpg,2024:05:22 08:42:44,1920,1440,横
,conference,IMG_8774.jpg,2024:06:21 08:38:20,1920,1440,横
,conference,IMG_8821.jpg,2024:06:26 08:25:06,1920,1440,横
,conference,IMG_9738.jpg,2024:11:13 08:43:35,1920,1080,横
,exterior,images.jpg,,528,1920,縦
,exterior,images2.jpg,,1920,1261,横
,faces,images furuko.jpg,,1180,1920,縦
,faces,images4.jpg,,1686,1920,縦
,faces,images5.jpg,,1686,1920,縦
34,fellows-intl,295b2717-e99e-4b5a-9a0f-f8de1ca5e74e.jpg,,1920,1440,横
,fellows-intl,2B6F956A-1587-47E9-AB64-ED9E3B8CE465.jpg,,1920,1440,横
,fellows-intl,3753EF23-7AA7-48A1-9054-F7FC1C08F153.jpg,,1920,1440,横
,fellows-intl,IMG_0232.jpg,2019:09:20 21:40:01,1920,1440,横
,fellows-intl,IMG_0881.jpg,,1920,1079,横
,fellows-intl,IMG_1245.jpg,,1920,1439,横
,fellows-intl,IMG_1255.jpg,2025:09:06 14:59:33,1920,1440,横
,fellows-intl,IMG_1257.jpg,2025:09:06 15:41:23,1920,1440,横
,fellows-intl,IMG_1258.jpg,2025:09:06 16:19:01,1920,1440,横
,fellows-intl,IMG_1259.jpg,2025:09:06 17:21:50,1920,1440,横
,fellows-intl,IMG_1265.jpg,2025:09:06 17:22:51,1920,1440,横
,fellows-intl,IMG_1275.jpg,2023:12:22 23:02:45,1920,1440,横
,fellows-intl,IMG_1553.jpg,,1920,1080,横
,fellows-intl,IMG_2119.jpg,,1920,1440,横
,fellows-intl,IMG_2802.jpg,2024:05:24 20:56:17,1920,1440,横
,fellows-intl,IMG_2992.jpg,2026:02:06 22:15:34,1920,1440,横
,fellows-intl,IMG_4245.jpg,2022:10:07 20:03:25,1920,1440,横
,fellows-intl,IMG_4431.jpg,2024:12:16 22:33:10,1920,1440,横
,fellows-intl,IMG_4632.jpg,2025:10:27 19:27:28,1920,1440,横
38,fellows-intl,IMG_4707.jpg,2025:10:29 21:00:18,1920,1440,横
,fellows-intl,IMG_5409.jpg,,1920,1439,横
,fellows-intl,IMG_5552.jpg,2026:01:19 21:18:43,1920,1080,横
,fellows-intl,IMG_5645.jpg,2025:05:12 19:31:17,1920,1440,横
40,fellows-intl,IMG_5714.jpg,,1920,1439,横
,fellows-intl,IMG_5862.jpg,,1920,1439,横
,fellows-intl,IMG_5899.jpg,2022:12:16 19:40:56,1920,1440,横
,fellows-intl,IMG_8021.jpg,,1920,1079,横
,fellows-intl,IMG_8171.jpg,2023:01:13 15:46:31,1920,1080,横
,fellows-intl,IMG_8333.jpg,2023:02:22 08:44:22,1920,1080,横
,fellows-intl,IMG_8780.jpg,,1920,1440,横
,fellows-intl,IMG_8786.jpg,,1920,1440,横
,fellows-intl,IMG_8978.jpg,,1920,1440,横
,fellows-intl,IMG_9613.jpg,2026:03:23 21:16:22,1920,1440,横
41,fellows-intl,IMG_9625.jpg,,1920,1439,横
,fellows-intl,IMG_9688.jpg,,1920,1440,横
,fellows-intl,IMG_9848.jpg,2024:12:25 22:07:54,1920,1440,横
,fellows-intl,IMG_9851.jpg,2024:12:25 22:08:15,1920,1440,横
,fellows-intl,IMG_9855.jpg,2024:12:25 22:08:47,1920,1440,横
,fellows-jp,IMG_0077.jpg,2025:03:04 22:10:05,1920,1080,横
,fellows-jp,IMG_0084.jpg,,1920,1440,横
43,fellows-jp,IMG_0088.jpg,2025:03:05 10:25:27,1920,1440,横
,fellows-jp,IMG_1537.jpg,,1920,1440,横
,fellows-jp,IMG_2063.jpg,2026:03:23 21:11:31,1920,1440,横
44,fellows-jp,IMG_2623.jpg,,1920,1440,横
,fellows-jp,IMG_9327.jpg,2024:09:20 22:59:00,1920,1440,横
,fellows-jp,IMG_9964.jpg,,1920,1440,横
24,gairai,IMG_0403.jpg,2021:03:31 17:46:25,1920,1440,横
,gairai,IMG_0409.jpg,2021:03:31 17:48:51,1920,1440,横
,gairai,IMG_0412.jpg,2021:03:31 17:50:42,1920,1440,横
,gairai,IMG_3062.jpg,2021:03:23 20:20:32,1920,1440,横
25,gairai,IMG_3154.jpg,2021:03:31 17:57:42,1920,1440,横
,gairai,IMG_3156.jpg,2021:03:31 17:52:02,1920,1440,横
,gairai,IMG_3157.jpg,2021:03:31 17:49:31,1920,1440,横
,gairai,IMG_3245.jpg,2022:08:09 13:16:57,1920,1440,横
,gairai,IMG_9982.jpg,,1440,1920,縦
53,group,05755B0B-0A5B-49CD-BF06-8D1AF26BDFCB.jpg,,1920,1440,横
,group,10721352_779584428754417_1561167059_n.jpg,,1920,1440,横
,group,30609613-B7C5-4C4B-A476-FADEEAC831F6.jpg,,1920,1440,横
54,group,EDE4935B-45DB-4485-ACC1-455FE3959347.jpg,,1920,1440,横
,group,IMG_0066.jpg,2023:09:20 20:43:40,1920,1440,横
,group,IMG_0154.jpg,,1920,1440,横
,group,IMG_0269.jpg,2019:03:20 22:28:08,1920,1440,横
,group,IMG_0711.jpg,2023:10:11 22:07:03,1920,1440,横
,group,IMG_1188-SMILE.jpg,2012:12:07 21:23:47,1920,1440,横
56,group,IMG_1252.jpg,,1920,1440,横
,group,IMG_1362.jpg,2012:12:28 00:08:10,1920,1440,横
,group,IMG_1594.jpg,2013:02:09 12:26:17,1920,1440,横
,group,IMG_2617.jpg,,1920,1440,横
,group,IMG_2619.jpg,,1920,1440,横
,group,IMG_2620.jpg,,1920,1440,横
,group,IMG_2626.jpg,,1920,1920,横
,group,IMG_2627.jpg,,1920,1347,横
,group,IMG_2674.jpg,,1920,1439,横
,group,IMG_3580.jpg,2019:10:09 08:46:50,1920,1440,横
57,group,IMG_3668.jpg,2024:09:13 13:17:03,1920,1440,横
,group,IMG_4088.jpg,,1920,1440,横
,group,IMG_4699-SMILE.jpg,,1920,1438,横
,group,IMG_4965.jpg,2020:01:11 18:59:15,1920,1440,横
58,group,IMG_5027.jpg,2025:02:18 23:05:06,1920,1440,横
,group,IMG_5207-SMILE.jpg,2014:06:22 12:30:33,1920,1440,横
,group,IMG_5722.jpg,2014:10:11 21:49:54,1920,1440,横
,group,IMG_6209.jpg,2015:02:07 12:28:19,1920,1440,横
,group,IMG_6257.jpg,,1920,1439,横
,group,IMG_9209.jpg,2019:01:11 22:59:53,1920,1440,横
59,group,IMG_9912.jpg,2023:06:29 16:33:20,1920,1440,横
,group,L1030853.jpg,2020:06:10 08:57:07,1920,1280,横
,group,ab327393.jpg,,1920,1440,横
,group,ed67a970-s.jpg,,1920,1440,横
,history,19ca888e.jpg,,1920,1440,横
,history,1c7bcbfe.jpg,,1920,1440,横
,history,62a2f21c.jpg,,1920,1440,横
,history,969940de.jpg,,1920,1440,横
11,history,9be842d9.jpg,,1920,1440,横
,history,bcf3dfbd.jpg,,1920,1440,横
,history,f406f954.jpg,,1920,1440,横
28,ikyoku,IMG_0108.jpg,,1440,1920,縦
,ikyoku,IMG_0906.jpg,2021:06:15 20:30:32,1920,1440,横
,ikyoku,IMG_1053.jpg,,1080,1920,縦
,ikyoku,IMG_1199.jpg,2025:10:08 17:12:28,1920,1440,横
,ikyoku,IMG_1203.jpg,2025:10:08 17:12:53,1920,1440,横
,ikyoku,IMG_2247.jpg,2020:10:09 20:12:13,1920,1440,横
,ikyoku,IMG_3586.jpg,2019:10:09 19:56:18,1920,1440,横
,ikyoku,IMG_8595.jpg,,1920,1440,横
,ikyoku,IMG_8735.jpg,2024:06:07 10:50:01,1920,1440,横
,ikyoku,IMG_8736.jpg,2024:06:07 10:50:42,1920,1440,横
,ikyoku,IMG_9973.jpg,2021:10:08 21:02:46,1920,1440,横
,misc,IMG_0781.jpg,2014:10:11 02:42:41,1920,1434,横
,misc,IMG_1339.jpg,2012:12:23 17:20:28,1920,1440,横
,misc,IMG_1474.jpg,,1920,1440,横
,misc,IMG_2468.jpg,2020:02:09 10:32:30,1920,1440,横
,misc,IMG_2605.jpg,,1920,1440,横
,misc,IMG_2678.jpg,2026:07:24 06:50:15,1920,1440,横
,misc,IMG_3454.jpg,2013:11:05 13:45:36,1920,1440,横
,misc,IMG_3493.jpg,2013:11:08 15:59:07,1920,1440,横
,misc,IMG_3654.jpg,2013:11:22 20:58:33,1920,1440,横
,misc,IMG_3754.jpg,2013:11:29 19:23:09,1920,1440,横
,misc,IMG_4039.jpg,2014:01:11 14:44:46,1920,1440,横
,misc,IMG_4073.jpg,2014:01:11 23:59:30,1920,1440,横
,misc,IMG_4075.jpg,2014:01:11 18:02:26,1920,1440,横
,misc,IMG_4483.jpg,2014:03:28 15:58:27,1920,1440,横
,misc,IMG_4556.jpg,2009:04:05 22:47:02,1920,1440,横
,misc,IMG_4795.jpg,2022:10:29 07:35:55,1920,1440,横
,misc,IMG_4815.jpg,2022:10:29 08:15:01,1920,1440,横
,misc,IMG_4862.jpg,2014:05:08 06:19:05,1920,1440,横
,misc,IMG_4869.jpg,2014:05:09 08:22:13,1920,1440,横
,misc,IMG_4926.jpg,2020:01:10 12:10:43,1920,1440,横
,misc,IMG_5203.jpg,2014:06:22 07:18:21,1920,1440,横
,misc,IMG_5289.jpg,2014:07:12 20:42:11,1920,1440,横
,misc,IMG_5404.jpg,2014:08:07 08:16:01,1920,1440,横
,misc,IMG_5692.jpg,2014:10:09 18:55:52,1920,1440,横
,misc,IMG_5833.jpg,,1920,1439,横
,misc,IMG_6094.jpg,,1920,1440,横
,misc,P8070283.jpg,2014:08:07 22:19:06,1920,1440,横
,misc,P8070294.jpg,2014:08:07 23:28:46,1920,1440,横
,misc,写真-5-ACTION.jpg,2014:01:11 20:37:34,1920,1440,横
,misc,写真-9.jpg,2014:01:11 20:25:03,1920,1440,横
,misc6,11C3740C-0171-4ED7-9FE7-9540EAC991CE.jpg,,1920,1440,横
,misc6,IMG_0231.jpg,2019:03:20 21:16:05,1920,1440,横
,misc6,IMG_0236.jpg,2019:03:20 21:20:23,1920,1440,横
,misc6,IMG_0237.jpg,2019:09:25 22:53:40,1920,1080,横
,misc6,IMG_0241.jpg,2019:09:25 22:59:21,1920,1080,横
,misc6,IMG_0245.jpg,2019:03:20 21:31:54,1920,1440,横
,misc6,IMG_0248.jpg,2019:03:20 21:47:26,1920,1440,横
,misc6,IMG_0262.jpg,2019:03:20 21:53:43,1920,1440,横
,misc6,IMG_0396.jpg,2019:03:29 19:59:44,1920,1440,横
,misc6,IMG_0686.jpg,,1920,1440,横
,misc6,IMG_0710.jpg,2020:02:11 00:03:11,1920,1440,横
,misc6,IMG_0776.jpg,2019:04:14 20:50:09,1920,1440,横
,misc6,IMG_0791.jpg,2023:10:11 21:51:35,1920,1440,横
,misc6,IMG_0862.jpg,,1920,1440,横
,misc6,IMG_0930.jpg,2020:03:17 22:02:24,1920,1440,横
,misc6,IMG_0998.jpg,2018:08:24 23:26:01,1920,1440,横
,misc6,IMG_1148.jpg,2018:09:01 17:41:33,1920,1440,横
,misc6,IMG_1200.jpg,2025:10:08 17:12:29,1920,1440,横
,misc6,IMG_1267.jpg,2019:05:11 16:41:27,1920,1440,横
,misc6,IMG_1269.jpg,2019:05:11 16:41:47,1920,1440,横
,misc6,IMG_1272.jpg,2023:12:22 23:02:30,1920,1440,横
,misc6,IMG_1277.jpg,,1920,1439,横
,misc6,IMG_1280.jpg,2023:12:22 23:11:19,1920,1440,横
,misc6,IMG_1366.jpg,2019:05:12 14:03:30,1920,1440,横
,misc6,IMG_1375.jpg,2019:05:12 14:09:34,1920,1440,横
,misc6,IMG_1391.jpg,2019:05:12 14:11:12,1440,1920,縦
,misc6,IMG_1393.jpg,2019:05:12 14:11:56,1440,1920,縦
,misc6,IMG_1403.jpg,2019:05:12 14:12:46,1920,1083,横
,misc6,IMG_1438.jpg,2019:05:12 15:15:55,1920,1440,横
,misc6,IMG_1449.jpg,2019:05:12 15:27:58,1920,1440,横
,misc6,IMG_1490.jpg,,1920,1440,横
,misc6,IMG_1494.jpg,,1920,1440,横
,misc6,IMG_1496.jpg,2018:09:28 22:21:16,1920,1440,横
,misc6,IMG_1539.jpg,2019:05:14 22:24:42,1920,1440,横
,misc6,IMG_1585.jpg,2020:06:19 17:53:10,1920,1440,横
,misc6,IMG_1623.jpg,2024:02:03 21:25:46,1920,1440,横
,misc6,IMG_1868.jpg,2018:12:26 23:09:35,1920,1440,横
,misc6,IMG_1992.jpg,2022:03:29 19:46:36,1920,1440,横
,misc6,IMG_1994.jpg,2022:03:29 19:46:57,1920,1440,横
,misc6,IMG_2011.jpg,2022:03:29 22:18:21,1920,1440,横
,misc6,IMG_2077.jpg,2019:06:14 21:08:12,1920,1440,横
,misc6,IMG_2083.jpg,2019:06:15 12:12:43,1920,1440,横
,misc6,IMG_2259.jpg,2020:02:21 22:05:25,1920,1440,横
,misc6,IMG_2555.jpg,2022:05:20 22:18:02,1920,1080,横
,misc6,IMG_3369.jpg,2024:08:06 21:59:33,1920,1440,横
,misc6,IMG_3678.jpg,,1440,1920,縦
,misc6,IMG_3721.jpg,2024:09:25 21:39:09,1920,1080,横
,misc6,IMG_3850.jpg,2024:10:07 22:07:38,1920,1440,横
,misc6,IMG_3860.jpg,2021:08:06 22:10:40,1920,1440,横
,misc6,IMG_3871.jpg,2024:10:11 18:03:36,1920,1440,横
,misc6,IMG_4090.jpg,,1920,1440,横
,misc6,IMG_4095.jpg,,1920,1440,横
,misc6,IMG_4308.jpg,2019:10:28 21:48:03,1920,1440,横
,misc6,IMG_4316.jpg,2019:10:29 23:04:43,1920,1440,横
,misc6,IMG_4664.jpg,2019:12:25 21:52:29,1920,1440,横
,misc6,IMG_4665.jpg,2021:11:05 22:44:13,1920,1440,横
,misc6,IMG_4860.jpg,2024:05:03 16:19:25,1920,1440,横
,misc6,IMG_4862.jpg,2024:05:03 16:22:46,1920,1440,横
,misc6,IMG_4865.jpg,2021:12:11 21:38:51,1920,1440,横
,misc6,IMG_4950.jpg,,1920,1439,横
,misc6,IMG_4977.jpg,2021:12:24 22:18:23,1920,1080,横
,misc6,IMG_5126.jpg,2025:03:04 22:44:46,1920,1440,横
,misc6,IMG_5135.jpg,2022:11:12 09:38:40,1920,1440,横
,misc6,IMG_5222.jpg,2020:02:11 15:26:09,1920,1440,横
,misc6,IMG_5230.jpg,,1920,1440,横
,misc6,IMG_5256.jpg,2020:02:21 22:29:48,1920,1440,横
,misc6,IMG_5406.jpg,2020:03:10 21:53:00,1920,1440,横
,misc6,IMG_5410.jpg,2020:03:10 21:54:14,1920,1440,横
,misc6,IMG_5426.jpg,,1920,1439,横
,misc6,IMG_5503.jpg,2020:03:17 22:18:08,1920,1440,横
,misc6,IMG_5657.jpg,2025:05:13 22:11:10,1920,1440,横
,misc6,IMG_5699.jpg,2020:04:05 15:16:39,1920,1440,横
,misc6,IMG_5769.jpg,,1920,1439,横
,misc6,IMG_6188.jpg,2024:05:03 15:06:19,1920,1440,横
,misc6,IMG_6252.jpg,,1920,1439,横
,misc6,IMG_6266.jpg,2020:07:17 08:29:06,1920,1440,横
,misc6,IMG_6275.jpg,2022:06:29 08:37:51,1920,1440,横
,misc6,IMG_6284.jpg,,1920,1439,横
,misc6,IMG_6289.jpg,,1920,1439,横
,misc6,IMG_6731.jpg,2025:09:05 19:04:42,1920,1080,横
,misc6,IMG_7091-EDIT.jpg,2023:03:20 13:17:22,1920,1440,横
,misc6,IMG_7221.jpg,,1920,1439,横
,misc6,IMG_7328.jpg,2023:03:28 22:45:04,1920,1440,横
,misc6,IMG_7333.jpg,2023:03:28 22:54:42,1920,1440,横
,misc6,IMG_7586.jpg,,1439,1920,縦
,misc6,IMG_7605.jpg,2025:11:19 22:10:10,1920,1440,横
,misc6,IMG_7642.jpg,,1920,1439,横
,misc6,IMG_7643.jpg,,1920,1439,横
,misc6,IMG_7647.jpg,,1920,1439,横
,misc6,IMG_7649.jpg,,1920,1439,横
,misc6,IMG_7658.jpg,,1439,1920,縦
,misc6,IMG_7688.jpg,2023:04:07 19:04:44,1920,1440,横
,misc6,IMG_7693.jpg,2023:04:07 19:06:28,1920,1440,横
,misc6,IMG_8037.jpg,,1439,1920,縦
,misc6,IMG_8274.jpg,,1920,1439,横
,misc6,IMG_8277.jpg,,1920,1439,横
,misc6,IMG_8346.jpg,2023:02:23 01:10:15,1920,1080,横
,misc6,IMG_8348.jpg,2023:02:23 01:17:34,1920,1080,横
,misc6,IMG_8354.jpg,2023:02:23 01:28:15,1920,1080,横
,misc6,IMG_8360.jpg,,1920,1439,横
,misc6,IMG_8614.jpg,2023:03:22 22:48:47,1920,1440,横
,misc6,IMG_8826.jpg,2023:06:30 06:24:25,1920,1440,横
,misc6,IMG_8831.jpg,2023:06:30 06:24:53,1920,1440,横
,misc6,IMG_8833.jpg,2023:06:30 06:25:07,1920,1440,横
,misc6,IMG_8838.jpg,2023:06:30 06:39:49,1920,1440,横
,misc6,IMG_8842.jpg,,1920,1439,横
,misc6,IMG_9753.jpg,,1920,1439,横
,misc6,IMG_9810.jpg,,1920,1439,横
,misc6,IMG_9908.jpg,,1920,1439,横
,misc6,IMG_9965.jpg,,1920,1439,横
,misc8,IMG_0424.jpg,,1439,1920,縦
,misc8,IMG_0874.jpg,,1920,1439,横
,misc8,IMG_3650.jpg,,1920,1440,横
,misc8,IMG_3652.jpg,,1920,1440,横
,misc8,IMG_6265.jpg,2025:07:25 23:25:23,1920,1440,横
,misc8,IMG_6268.jpg,,1920,1440,横
,misc8,IMG_7779.jpg,,1080,1920,縦
,or,69de880f-808f-46ef-9255-ad70caa4c671.jpg,,1440,1920,縦
,or,IMG_0090.jpg,2025:03:05 17:51:26,1920,1440,横
,or,IMG_0256.jpg,2021:06:21 17:30:37,1920,1440,横
,or,IMG_0419.jpg,2021:04:02 12:36:40,1920,1440,横
,or,IMG_0883.jpg,2021:06:11 13:38:08,1920,1440,横
,or,IMG_0994.jpg,2021:07:02 14:58:49,1920,1440,横
,or,IMG_1080.jpg,2021:07:30 14:04:29,1920,1440,横
,or,IMG_1139.jpg,2021:08:13 18:05:10,1920,1440,横
,or,IMG_2676.jpg,,1920,1440,横
21,or,IMG_2953.jpg,2019:03:29 15:31:13,1920,1440,横
,or,IMG_8373.jpg,,1920,1439,横
,or,IMG_8394.jpg,,1920,1440,横
,or,IMG_8610.jpg,2024:04:12 14:24:24,1920,1440,横
,or,IMG_8611.jpg,2024:04:12 15:34:36,1920,1440,横
22,or,IMG_8659.jpg,2024:05:24 12:10:01,1920,1440,横
,or,IMG_8789.jpg,,1440,1920,縦
,or,IMG_9067.jpg,2024:05:22 10:01:10,1920,1440,横
,or,IMG_9120.jpg,2024:08:05 10:10:24,1920,1440,横
,or,IMG_9214.jpg,2024:08:26 14:14:55,1920,1440,横
23,or,IMG_9883.jpg,2025:01:06 11:58:25,1920,1440,横
,or,IMG_9957.jpg,2025:01:27 13:24:25,1920,1440,横
,or,IMG_9988.jpg,2025:02:03 10:38:27,1920,1440,横
,or,cache_Messagep8461.jpg,2021:08:13 18:15:55,1920,1440,横
19,or,cache_Messagep8464.jpg,2021:08:13 16:24:10,1920,1440,横
27,rehab,7F793CFB-7E3D-427D-A2B9-7F48876F8894.jpg,,1920,1440,横
,rehab,IMG_3850.jpg,2024:10:07 22:07:38,1920,1440,横
,rehab,IMG_9499.jpg,2024:10:08 07:48:13,1920,1440,横
,rehab,IMG_9500.jpg,2024:10:08 07:49:00,1920,1440,横
,rehab,IMG_9502.jpg,2024:10:08 07:49:42,1920,1440,横
,running,F801B87B-17FD-45E8-8E78-660A40CC1D66.jpg,,1920,1440,横
,running,IMG_0014.jpg,,1920,1440,横
32,running,IMG_0015.jpg,,1920,1440,横
,running,IMG_0021.jpg,,1920,1440,横
,ryugaku,IMG_0005.jpg,2023:09:19 10:08:25,1920,1440,横
,ryugaku,IMG_0066.jpg,2023:09:20 20:43:40,1920,1440,横
,ryugaku,IMG_6563.jpg,2023:09:20 14:31:34,1920,1440,横
,ryugaku,IMG_6580.jpg,2023:09:21 11:49:50,1920,1440,横
,ryugaku,IMG_7694.jpg,,1440,1920,縦
,sakai,IMG_1203.jpg,2020:03:31 11:46:26,1920,1440,横
31,sakai,IMG_2675.jpg,,1920,1439,横
,uchida-party,IMG_0418.jpg,2021:04:02 12:36:34,1920,1440,横
,uchida-party,IMG_0420.jpg,2021:04:02 12:36:53,1920,1440,横
,uchida-party,IMG_0833.jpg,2021:06:04 08:18:35,1920,1440,横
,uchida-party,IMG_0889.jpg,2021:06:14 07:39:41,1920,1440,横
,uchida-party,IMG_1078.jpg,2021:07:30 14:04:05,1920,1440,横
,uchida-party,IMG_1079.jpg,2021:07:30 14:04:27,1920,1440,横
,uchida-party,IMG_1131.jpg,2021:08:11 18:54:25,1920,1440,横
,uchida-party,IMG_1132.jpg,2021:08:11 18:54:16,1920,1440,横
,uchida-party,IMG_1134.jpg,2021:08:11 18:55:10,1920,1440,横
,uchida-party,IMG_1140.jpg,2021:08:13 18:05:11,1920,1440,横
,uchida-party,IMG_1158.jpg,2021:08:21 07:00:31,1920,1440,横
,uchida-party,IMG_1554.jpg,,1920,1080,横
,uchida-party,IMG_2618.jpg,,1440,1920,縦
,uchida-party,IMG_2621.jpg,,1920,1440,横
,uchida-party,IMG_2622.jpg,,1920,1440,横
,uchida-party,IMG_2624.jpg,,1920,1440,横
,uchida-party,IMG_2625.jpg,,1440,1920,縦
,uchida-party,IMG_6560.jpg,2023:09:20 14:31:22,1920,1440,横
,uchida-party,IMG_6561.jpg,2023:09:20 14:31:31,1920,1440,横
,uchida-party,IMG_8352.jpg,,1920,1080,横
,uchida-party,IMG_8576.jpg,,1920,1440,横
,uchida-party,IMG_8596.jpg,,1920,1440,横
,uchida-party,IMG_8660.jpg,2024:05:24 12:10:11,1920,1440,横
,uchida-party,IMG_8977.jpg,,1440,1920,縦
,uchida-party,IMG_9063.jpg,2024:05:22 09:57:35,1920,1440,横
,uchida-party,IMG_9068.jpg,2024:05:22 10:06:44,1920,1440,横
,uchida-party,IMG_9134.jpg,2024:08:07 18:15:34,1920,1440,横
,uchida-party,IMG_9218.jpg,2024:08:26 14:41:06,1920,1440,横
,uchida-party,IMG_9234.jpg,2024:09:02 14:32:47,1920,1440,横
,uchida-party,IMG_9265.jpg,2024:09:09 10:27:17,1920,1440,横
,uchida-party,IMG_9425.jpg,,1920,1440,横
,uchida-party,IMG_9739.jpg,2024:11:13 08:43:36,1920,1080,横
,uchida-party,IMG_9894.jpg,2025:01:06 12:06:57,1920,1440,横
,uchida-party,IMG_9965.jpg,,1920,1440,横
,uchida-party,cache_Messagep8463.jpg,2021:08:13 16:25:12,1920,1440,横
